<?xml version="1.0" encoding="UTF-8"?>
<rss version="2.0">
    <channel>
        <title>CostFlowAI Blog</title>
        <link>https://costflowai.com</link>
        <description>Construction cost estimation insights</description>
        <language>en-us</language>
        <lastBuildDate>Tue, 21 Jan 2025 12:00:00 GMT</lastBuildDate>
        <item>
            <title>5 Cost Reduction Strategies for 2025</title>
            <link>https://costflowai.com/blog/</link>
            <guid>https://costflowai.com/blog/cost-reduction</guid>
            <description>Proven strategies to reduce construction costs</description>
            <pubDate>Tue, 21 Jan 2025 12:00:00 GMT</pubDate>
        </item>
        <item>
            <title>How AI is Revolutionizing Construction</title>
            <link>https://costflowai.com/blog/</link>
            <guid>https://costflowai.com/blog/ai-construction</guid>
            <description>AI transformation in cost estimation</description>
            <pubDate>Mon, 20 Jan 2025 12:00:00 GMT</pubDate>
        </item>
    </channel>
</rss>